{"CalibrationInformation":{"Cameras":[{"Intrinsics":{"ModelParameterCount":14,"ModelParameters":[0.51226979494094849,0.49451231956481934,0.49211683869361877,0.49216672778129578,3.1305770874023437,2.3249390125274658,0.1304156482219696,3.4586515426635742,3.3501145839691162,0.66294163465499878,0,0,-5.11557373101823E-5,8.1321719335392118E-5],"ModelType":"CALIBRATION_LensDistortionModelBrownConrady"},"Location":"CALIBRATION_CameraLocationD0","Purpose":"CALIBRATION_CameraPurposeDepth","MetricRadius":1.7399997711181641,"Rt":{"Rotation":[1,0,0,0,1,0,0,0,1],"Translation":[0,0,0]},"SensorHeight":1024,"SensorWidth":1024,"Shutter":"CALIBRATION_ShutterTypeUndefined","ThermalAdjustmentParams":{"Params":[0,0,0,0,0,0,0,0,0,0,0,0]}},{"Intrinsics":{"ModelParameterCount":14,"ModelParameters":[0.4967627227306366,0.51086282730102539,0.470907062292099,0.6274453997612,0.72274601459503174,-2.8855903148651123,1.6327226161956787,0.6021990180015564,-2.7196261882781982,1.5650531053543091,0,0,-0.0001431911950930953,0.00078284658957272768],"ModelType":"CALIBRATION_LensDistortionModelBrownConrady"},"Location":"CALIBRATION_CameraLocationPV0","Purpose":"CALIBRATION_CameraPurposePhotoVideo","MetricRadius":0,"Rt":{"Rotation":[0.99999862909317017,-0.0012027585180476308,-0.0011373480083420873,0.0013077300973236561,0.99525290727615356,0.097313575446605682,0.0010149041190743446,-0.097314931452274323,0.99525314569473267],"Translation":[-0.032083917409181595,-0.0019082237267866731,0.0040967292152345181]},"SensorHeight":3072,"SensorWidth":4096,"Shutter":"CALIBRATION_ShutterTypeUndefined","ThermalAdjustmentParams":{"Params":[0,0,0,0,0,0,0,0,0,0,0,0]}}],"InertialSensors":[{"BiasTemperatureModel":[-0.0035692276433110237,0,0,0,0.014633920975029469,0,0,0,-0.017738888040184975,0,0,0],"BiasUncertainty":[9.9999997473787516E-5,9.9999997473787516E-5,9.9999997473787516E-5],"Id":"CALIBRATION_InertialSensorId_LSM6DSM","MixingMatrixTemperatureModel":[0.99636346101760864,0,0,0,0.0023658864665776491,0,0,0,0.0018379917601123452,0,0,0,0.0023291034158319235,0,0,0,1.0121434926986694,0,0,0,0.0068482649512588978,0,0,0,0.0018437830731272697,0,0,0,0.006978337187319994,0,0,0,0.99327570199966431,0,0,0],"ModelTypeMask":16,"Noise":[0.00095000001601874828,0.00095000001601874828,0.00095000001601874828,0,0,0],"Rt":{"Rotation":[0.0089885462075471878,0.11321454495191574,-0.99352991580963135,-0.99995690584182739,0.0033196446020156145,-0.0086684124544262886,0.0023167759645730257,0.993565022945404,0.11323950439691544],"Translation":[0,0,0]},"SecondOrderScaling":[0,0,0,0,0,0,0,0,0],"SensorType":"CALIBRATION_InertialSensorType_Gyro","TemperatureBounds":[5,60],"TemperatureC":0},{"BiasTemperatureModel":[-0.018993392586708069,0,0,0,-0.0040446496568620205,0,0,0,-0.0030199137981981039,0,0,0],"BiasUncertainty":[0.0099999997764825821,0.0099999997764825821,0.0099999997764825821],"Id":"CALIBRATION_InertialSensorId_LSM6DSM","MixingMatrixTemperatureModel":[0.99916374683380127,0,0,0,0.00042043588473461568,0,0,0,-0.003542447229847312,0,0,0,0.00041928575956262648,0,0,0,1.0018926858901978,0,0,0,0.00094953016377985477,0,0,0,-0.0035584801807999611,0,0,0,0.00095644406974315643,0,0,0,0.99466270208358765,0,0,0],"ModelTypeMask":56,"Noise":[0.010700000450015068,0.010700000450015068,0.010700000450015068,0,0,0],"Rt":{"Rotation":[0.003494886914268136,0.10827706009149551,-0.99411463737487793,-0.99999380111694336,0.00082423968706279993,-0.0034257811494171619,0.00044845519005320966,0.99412041902542114,0.1082792654633522],"Translation":[-0.051029492169618607,0.0032780577894300222,0.0016316279070451856]},"SecondOrderScaling":[0,0,0,0,0,0,0,0,0],"SensorType":"CALIBRATION_InertialSensorType_Accelerometer","TemperatureBounds":[5,60],"TemperatureC":0}],"Metadata":{"SerialId":"000161694812","FactoryCalDate":"11/29/2019 8:26:53 AM GMT","Version":{"Major":1,"Minor":2},"DeviceName":"AzureKinect-PV","Notes":"PV0_max_radius_invalid"}}}